{
  "created_at": 1784357178.8176162,
  "modified_at": 1784357204.8636217,
  "title": "Sky Clouds Implementation Location"
}