{
  "created_at": 1784548832.809693,
  "modified_at": 1784548879.9179184,
  "title": "Enable explore button only when prompt files exist"
}