{
  "created_at": 1784383061.2177846,
  "modified_at": 1784383188.4278052,
  "title": "Add Sunlight Temperature Slider (1500K-6000K)"
}