{
  "created_at": 1784317881.4152656,
  "modified_at": 1784317881.4154024,
  "title": "a"
}