{
  "created_at": 1784364742.5859826,
  "modified_at": 1784373592.319006,
  "title": "Footer showing server name on task page"
}