{
  "viewpoint_id": 11754,
  "glb_path": "data_out/20/410/30436272704370616410.glb",
  "glb_paths": [
    "data_out/20/410/30436272704370616410.glb",
    "data_out/20/411/30436272704370616411.glb",
    "data_out/20/412/30436272704370616412.glb",
    "data_out/20/414/30436272704370616414.glb",
    "data_out/20/415/30436272704370616415.glb",
    "data_out/20/416/30436272704370616416.glb",
    "data_out/20/417/30436272704370616417.glb",
    "data_out/20/430/30436272704370616430.glb",
    "data_out/20/431/30436272704370616431.glb",
    "data_out/20/433/30436272704370616433.glb",
    "data_out/20/434/30436272704370616434.glb",
    "data_out/20/435/30436272704370616435.glb",
    "data_out/20/437/30436272704370616437.glb",
    "data_out/20/451/30436272704370616451.glb",
    "data_out/20/453/30436272704370616453.glb",
    "data_out/20/470/30436272704370616470.glb",
    "data_out/20/471/30436272704370616471.glb",
    "data_out/20/473/30436272704370616473.glb",
    "data_out/20/500/30436272704370616500.glb",
    "data_out/20/501/30436272704370616501.glb",
    "data_out/20/502/30436272704370616502.glb",
    "data_out/20/503/30436272704370616503.glb",
    "data_out/20/504/30436272704370616504.glb",
    "data_out/20/505/30436272704370616505.glb",
    "data_out/20/506/30436272704370616506.glb",
    "data_out/20/507/30436272704370616507.glb",
    "data_out/20/510/30436272704370616510.glb",
    "data_out/20/512/30436272704370616512.glb",
    "data_out/20/513/30436272704370616513.glb",
    "data_out/20/514/30436272704370616514.glb",
    "data_out/20/516/30436272704370616516.glb",
    "data_out/20/517/30436272704370616517.glb",
    "data_out/20/520/30436272704370616520.glb",
    "data_out/20/521/30436272704370616521.glb",
    "data_out/20/522/30436272704370616522.glb",
    "data_out/20/523/30436272704370616523.glb",
    "data_out/20/524/30436272704370616524.glb",
    "data_out/20/525/30436272704370616525.glb",
    "data_out/20/526/30436272704370616526.glb",
    "data_out/20/527/30436272704370616527.glb",
    "data_out/20/530/30436272704370616530.glb",
    "data_out/20/534/30436272704370616534.glb",
    "data_out/20/542/30436272704370616542.glb"
  ],
  "camera_pos_blender": [
    962.69,
    21120.36,
    3358.29267578125
  ],
  "target_pos_blender": [
    977.5944648881199,
    21118.669755520998,
    3356.49267578125
  ],
  "ground_height_blender": 3356.49267578125,
  "matrix_world": [
    [
      -0.11263076961040497,
      0.11839082837104797,
      -0.9865586757659912,
      962.6900024414062
    ],
    [
      -0.993636965751648,
      -0.01341984048485756,
      0.11182843148708344,
      21120.359375
    ],
    [
      9.313225746154785e-10,
      0.992876410484314,
      0.11914899200201035,
      3358.292724609375
    ],
    [
      0.0,
      0.0,
      0.0,
      1.0
    ]
  ],
  "camera_fov": 1.2870022058486938,
  "clip_start": 0.10000000149011612,
  "clip_end": 150.0,
  "resolution": [
    640,
    640
  ]
}