{
  "viewpoint_id": 12129,
  "glb_path": "data_out/20/401/30436272704370617401.glb",
  "glb_paths": [
    "data_out/20/401/30436272704370617401.glb",
    "data_out/20/402/30436272704370617402.glb",
    "data_out/20/403/30436272704370617403.glb",
    "data_out/20/405/30436272704370617405.glb",
    "data_out/20/406/30436272704370617406.glb",
    "data_out/20/407/30436272704370617407.glb",
    "data_out/20/410/30436272704370617410.glb",
    "data_out/20/411/30436272704370617411.glb",
    "data_out/20/412/30436272704370617412.glb",
    "data_out/20/414/30436272704370617414.glb",
    "data_out/20/415/30436272704370617415.glb",
    "data_out/20/416/30436272704370617416.glb",
    "data_out/20/417/30436272704370617417.glb",
    "data_out/20/421/30436272704370617421.glb",
    "data_out/20/423/30436272704370617423.glb",
    "data_out/20/425/30436272704370617425.glb",
    "data_out/20/427/30436272704370617427.glb",
    "data_out/20/430/30436272704370617430.glb",
    "data_out/20/431/30436272704370617431.glb",
    "data_out/20/432/30436272704370617432.glb",
    "data_out/20/433/30436272704370617433.glb",
    "data_out/20/434/30436272704370617434.glb",
    "data_out/20/435/30436272704370617435.glb",
    "data_out/20/436/30436272704370617436.glb",
    "data_out/20/437/30436272704370617437.glb",
    "data_out/20/441/30436272704370617441.glb",
    "data_out/20/450/30436272704370617450.glb",
    "data_out/20/451/30436272704370617451.glb",
    "data_out/20/471/30436272704370617471.glb",
    "data_out/20/473/30436272704370617473.glb",
    "data_out/20/500/30436272704370617500.glb",
    "data_out/20/501/30436272704370617501.glb",
    "data_out/20/502/30436272704370617502.glb",
    "data_out/20/503/30436272704370617503.glb",
    "data_out/20/504/30436272704370617504.glb",
    "data_out/20/505/30436272704370617505.glb",
    "data_out/20/506/30436272704370617506.glb",
    "data_out/20/507/30436272704370617507.glb",
    "data_out/20/520/30436272704370617520.glb",
    "data_out/20/521/30436272704370617521.glb",
    "data_out/20/522/30436272704370617522.glb",
    "data_out/20/524/30436272704370617524.glb",
    "data_out/20/525/30436272704370617525.glb",
    "data_out/20/526/30436272704370617526.glb",
    "data_out/20/560/30436272704370617560.glb",
    "data_out/20/562/30436272704370617562.glb"
  ],
  "camera_pos_blender": [
    1144.98,
    21121.510000000002,
    3361.8
  ],
  "target_pos_blender": [
    1130.063269824279,
    21119.931658824993,
    3360.0
  ],
  "ground_height_blender": 3360.0,
  "matrix_world": [
    [
      -0.1052083820104599,
      -0.11848719418048859,
      0.9873661994934082,
      1144.97998046875
    ],
    [
      0.9944502711296082,
      -0.012535413727164268,
      0.10445891320705414,
      21121.509765625
    ],
    [
      9.31322685637781e-10,
      0.992876410484314,
      0.11914844810962677,
      3361.800048828125
    ],
    [
      0.0,
      0.0,
      0.0,
      1.0
    ]
  ],
  "camera_fov": 1.2870022058486938,
  "clip_start": 0.10000000149011612,
  "clip_end": 150.0,
  "resolution": [
    640,
    640
  ]
}