{
  "viewpoint_id": 12130,
  "glb_path": "data_out/20/400/30436272704370617400.glb",
  "glb_paths": [
    "data_out/20/400/30436272704370617400.glb",
    "data_out/20/401/30436272704370617401.glb",
    "data_out/20/402/30436272704370617402.glb",
    "data_out/20/403/30436272704370617403.glb",
    "data_out/20/404/30436272704370617404.glb",
    "data_out/20/405/30436272704370617405.glb",
    "data_out/20/406/30436272704370617406.glb",
    "data_out/20/407/30436272704370617407.glb",
    "data_out/20/410/30436272704370617410.glb",
    "data_out/20/411/30436272704370617411.glb",
    "data_out/20/412/30436272704370617412.glb",
    "data_out/20/414/30436272704370617414.glb",
    "data_out/20/415/30436272704370617415.glb",
    "data_out/20/416/30436272704370617416.glb",
    "data_out/20/417/30436272704370617417.glb",
    "data_out/20/420/30436272704370617420.glb",
    "data_out/20/421/30436272704370617421.glb",
    "data_out/20/423/30436272704370617423.glb",
    "data_out/20/424/30436272704370617424.glb",
    "data_out/20/425/30436272704370617425.glb",
    "data_out/20/427/30436272704370617427.glb",
    "data_out/20/430/30436272704370617430.glb",
    "data_out/20/431/30436272704370617431.glb",
    "data_out/20/432/30436272704370617432.glb",
    "data_out/20/433/30436272704370617433.glb",
    "data_out/20/434/30436272704370617434.glb",
    "data_out/20/435/30436272704370617435.glb",
    "data_out/20/436/30436272704370617436.glb",
    "data_out/20/437/30436272704370617437.glb",
    "data_out/20/441/30436272704370617441.glb",
    "data_out/20/450/30436272704370617450.glb",
    "data_out/20/451/30436272704370617451.glb",
    "data_out/20/471/30436272704370617471.glb",
    "data_out/20/473/30436272704370617473.glb",
    "data_out/20/500/30436272704370617500.glb",
    "data_out/20/502/30436272704370617502.glb",
    "data_out/20/504/30436272704370617504.glb",
    "data_out/20/506/30436272704370617506.glb",
    "data_out/20/520/30436272704370617520.glb",
    "data_out/20/524/30436272704370617524.glb",
    "data_out/20/560/30436272704370617560.glb"
  ],
  "camera_pos_blender": [
    1125.05,
    21119.95,
    3357.902294921875
  ],
  "target_pos_blender": [
    1110.063157548517,
    21119.321865194062,
    3356.102294921875
  ],
  "ground_height_blender": 3356.102294921875,
  "matrix_world": [
    [
      -0.041796743869781494,
      -0.11904393136501312,
      0.9920088648796082,
      1125.050048828125
    ],
    [
      0.999126136302948,
      -0.004980000667273998,
      0.04149900749325752,
      21119.94921875
    ],
    [
      0.0,
      0.9928764700889587,
      0.11914804577827454,
      3357.90234375
    ],
    [
      0.0,
      0.0,
      0.0,
      1.0
    ]
  ],
  "camera_fov": 1.2870022058486938,
  "clip_start": 0.10000000149011612,
  "clip_end": 150.0,
  "resolution": [
    640,
    640
  ]
}