{
  "viewpoint_id": 12131,
  "glb_path": "data_out/20/513/30436272704370616513.glb",
  "glb_paths": [
    "data_out/20/513/30436272704370616513.glb",
    "data_out/20/517/30436272704370616517.glb",
    "data_out/20/531/30436272704370616531.glb",
    "data_out/20/535/30436272704370616535.glb",
    "data_out/20/400/30436272704370617400.glb",
    "data_out/20/401/30436272704370617401.glb",
    "data_out/20/402/30436272704370617402.glb",
    "data_out/20/403/30436272704370617403.glb",
    "data_out/20/404/30436272704370617404.glb",
    "data_out/20/405/30436272704370617405.glb",
    "data_out/20/406/30436272704370617406.glb",
    "data_out/20/407/30436272704370617407.glb",
    "data_out/20/410/30436272704370617410.glb",
    "data_out/20/411/30436272704370617411.glb",
    "data_out/20/412/30436272704370617412.glb",
    "data_out/20/414/30436272704370617414.glb",
    "data_out/20/415/30436272704370617415.glb",
    "data_out/20/416/30436272704370617416.glb",
    "data_out/20/417/30436272704370617417.glb",
    "data_out/20/420/30436272704370617420.glb",
    "data_out/20/421/30436272704370617421.glb",
    "data_out/20/422/30436272704370617422.glb",
    "data_out/20/423/30436272704370617423.glb",
    "data_out/20/424/30436272704370617424.glb",
    "data_out/20/425/30436272704370617425.glb",
    "data_out/20/427/30436272704370617427.glb",
    "data_out/20/430/30436272704370617430.glb",
    "data_out/20/431/30436272704370617431.glb",
    "data_out/20/432/30436272704370617432.glb",
    "data_out/20/433/30436272704370617433.glb",
    "data_out/20/434/30436272704370617434.glb",
    "data_out/20/435/30436272704370617435.glb",
    "data_out/20/436/30436272704370617436.glb",
    "data_out/20/437/30436272704370617437.glb",
    "data_out/20/441/30436272704370617441.glb",
    "data_out/20/450/30436272704370617450.glb",
    "data_out/20/451/30436272704370617451.glb",
    "data_out/20/471/30436272704370617471.glb",
    "data_out/20/473/30436272704370617473.glb",
    "data_out/20/502/30436272704370617502.glb",
    "data_out/20/506/30436272704370617506.glb",
    "data_out/20/520/30436272704370617520.glb",
    "data_out/20/524/30436272704370617524.glb",
    "data_out/20/560/30436272704370617560.glb"
  ],
  "camera_pos_blender": [
    1105.07,
    21120.260000000002,
    3358.098583984375
  ],
  "target_pos_blender": [
    1090.0890774184008,
    21121.016279448446,
    3356.298583984375
  ],
  "ground_height_blender": 3356.298583984375,
  "matrix_world": [
    [
      0.05039099231362343,
      -0.11899787932634354,
      0.9916149973869324,
      1105.0699462890625
    ],
    [
      0.9987295866012573,
      0.006004048511385918,
      -0.05003202334046364,
      21120.259765625
    ],
    [
      0.0,
      0.9928763508796692,
      0.11914926022291183,
      3358.0986328125
    ],
    [
      0.0,
      0.0,
      0.0,
      1.0
    ]
  ],
  "camera_fov": 1.2870022058486938,
  "clip_start": 0.10000000149011612,
  "clip_end": 150.0,
  "resolution": [
    640,
    640
  ]
}