{
  "viewpoint_id": 12134,
  "glb_path": "data_out/19/572/3043627270437061572.glb",
  "glb_paths": [
    "data_out/19/572/3043627270437061572.glb",
    "data_out/19/573/3043627270437061573.glb",
    "data_out/19/576/3043627270437061576.glb",
    "data_out/19/577/3043627270437061577.glb",
    "data_out/20/500/30436272704370617500.glb",
    "data_out/20/501/30436272704370617501.glb",
    "data_out/20/502/30436272704370617502.glb",
    "data_out/20/503/30436272704370617503.glb",
    "data_out/20/504/30436272704370617504.glb",
    "data_out/20/505/30436272704370617505.glb",
    "data_out/20/506/30436272704370617506.glb",
    "data_out/20/507/30436272704370617507.glb",
    "data_out/20/510/30436272704370617510.glb",
    "data_out/20/511/30436272704370617511.glb",
    "data_out/20/512/30436272704370617512.glb",
    "data_out/20/513/30436272704370617513.glb",
    "data_out/20/514/30436272704370617514.glb",
    "data_out/20/515/30436272704370617515.glb",
    "data_out/20/516/30436272704370617516.glb",
    "data_out/20/517/30436272704370617517.glb",
    "data_out/20/521/30436272704370617521.glb",
    "data_out/20/525/30436272704370617525.glb",
    "data_out/20/530/30436272704370617530.glb",
    "data_out/20/534/30436272704370617534.glb",
    "data_out/20/570/30436272704370617570.glb",
    "data_out/20/400/30436272704370706400.glb",
    "data_out/20/401/30436272704370706401.glb",
    "data_out/20/402/30436272704370706402.glb",
    "data_out/20/404/30436272704370706404.glb",
    "data_out/20/405/30436272704370706405.glb",
    "data_out/20/406/30436272704370706406.glb",
    "data_out/20/440/30436272704370706440.glb"
  ],
  "camera_pos_blender": [
    1233.97,
    21077.84,
    3358.469677734375
  ],
  "target_pos_blender": [
    1248.859464859134,
    21079.657645787443,
    3356.669677734375
  ],
  "ground_height_blender": 3356.669677734375,
  "matrix_world": [
    [
      0.12122277915477753,
      0.11826857924461365,
      -0.9855544567108154,
      1233.969970703125
    ],
    [
      -0.9926254153251648,
      0.014443359337747097,
      -0.12035924941301346,
      21077.83984375
    ],
    [
      0.0,
      0.9928765892982483,
      0.11914724856615067,
      3358.4697265625
    ],
    [
      0.0,
      0.0,
      0.0,
      1.0
    ]
  ],
  "camera_fov": 1.2870022058486938,
  "clip_start": 0.10000000149011612,
  "clip_end": 150.0,
  "resolution": [
    640,
    640
  ]
}