{
  "viewpoint_id": 12132,
  "glb_path": "data_out/20/511/30436272704370616511.glb",
  "glb_paths": [
    "data_out/20/511/30436272704370616511.glb",
    "data_out/20/512/30436272704370616512.glb",
    "data_out/20/513/30436272704370616513.glb",
    "data_out/20/515/30436272704370616515.glb",
    "data_out/20/516/30436272704370616516.glb",
    "data_out/20/517/30436272704370616517.glb",
    "data_out/20/530/30436272704370616530.glb",
    "data_out/20/531/30436272704370616531.glb",
    "data_out/20/533/30436272704370616533.glb",
    "data_out/20/534/30436272704370616534.glb",
    "data_out/20/535/30436272704370616535.glb",
    "data_out/20/537/30436272704370616537.glb",
    "data_out/20/400/30436272704370617400.glb",
    "data_out/20/401/30436272704370617401.glb",
    "data_out/20/402/30436272704370617402.glb",
    "data_out/20/403/30436272704370617403.glb",
    "data_out/20/404/30436272704370617404.glb",
    "data_out/20/405/30436272704370617405.glb",
    "data_out/20/406/30436272704370617406.glb",
    "data_out/20/407/30436272704370617407.glb",
    "data_out/20/410/30436272704370617410.glb",
    "data_out/20/412/30436272704370617412.glb",
    "data_out/20/414/30436272704370617414.glb",
    "data_out/20/416/30436272704370617416.glb",
    "data_out/20/417/30436272704370617417.glb",
    "data_out/20/420/30436272704370617420.glb",
    "data_out/20/421/30436272704370617421.glb",
    "data_out/20/422/30436272704370617422.glb",
    "data_out/20/423/30436272704370617423.glb",
    "data_out/20/424/30436272704370617424.glb",
    "data_out/20/425/30436272704370617425.glb",
    "data_out/20/427/30436272704370617427.glb",
    "data_out/20/430/30436272704370617430.glb",
    "data_out/20/431/30436272704370617431.glb",
    "data_out/20/432/30436272704370617432.glb",
    "data_out/20/434/30436272704370617434.glb",
    "data_out/20/435/30436272704370617435.glb",
    "data_out/20/436/30436272704370617436.glb",
    "data_out/20/441/30436272704370617441.glb",
    "data_out/20/450/30436272704370617450.glb",
    "data_out/20/471/30436272704370617471.glb"
  ],
  "camera_pos_blender": [
    1085.14,
    21121.86,
    3358.149365234375
  ],
  "target_pos_blender": [
    1070.2115890002726,
    21123.32374349639,
    3356.349365234375
  ],
  "ground_height_blender": 3356.349365234375,
  "matrix_world": [
    [
      0.09765518456697464,
      -0.11857764422893524,
      0.9881309866905212,
      1085.1400146484375
    ],
    [
      0.9952203035354614,
      0.01163533516228199,
      -0.09695955365896225,
      21121.859375
    ],
    [
      9.313225746154785e-10,
      0.9928765892982483,
      0.11914712935686111,
      3358.1494140625
    ],
    [
      0.0,
      0.0,
      0.0,
      1.0
    ]
  ],
  "camera_fov": 1.2870022058486938,
  "clip_start": 0.10000000149011612,
  "clip_end": 150.0,
  "resolution": [
    640,
    640
  ]
}