{
  "viewpoint_id": 12133,
  "glb_path": "data_out/19/572/3043627270437061572.glb",
  "glb_paths": [
    "data_out/19/572/3043627270437061572.glb",
    "data_out/19/573/3043627270437061573.glb",
    "data_out/19/576/3043627270437061576.glb",
    "data_out/19/577/3043627270437061577.glb",
    "data_out/20/411/30436272704370617411.glb",
    "data_out/20/415/30436272704370617415.glb",
    "data_out/20/417/30436272704370617417.glb",
    "data_out/20/451/30436272704370617451.glb",
    "data_out/20/500/30436272704370617500.glb",
    "data_out/20/501/30436272704370617501.glb",
    "data_out/20/502/30436272704370617502.glb",
    "data_out/20/503/30436272704370617503.glb",
    "data_out/20/504/30436272704370617504.glb",
    "data_out/20/505/30436272704370617505.glb",
    "data_out/20/506/30436272704370617506.glb",
    "data_out/20/507/30436272704370617507.glb",
    "data_out/20/510/30436272704370617510.glb",
    "data_out/20/511/30436272704370617511.glb",
    "data_out/20/512/30436272704370617512.glb",
    "data_out/20/513/30436272704370617513.glb",
    "data_out/20/514/30436272704370617514.glb",
    "data_out/20/515/30436272704370617515.glb",
    "data_out/20/516/30436272704370617516.glb",
    "data_out/20/517/30436272704370617517.glb",
    "data_out/20/520/30436272704370617520.glb",
    "data_out/20/521/30436272704370617521.glb",
    "data_out/20/524/30436272704370617524.glb",
    "data_out/20/525/30436272704370617525.glb",
    "data_out/20/530/30436272704370617530.glb",
    "data_out/20/534/30436272704370617534.glb",
    "data_out/20/560/30436272704370617560.glb",
    "data_out/20/570/30436272704370617570.glb",
    "data_out/20/400/30436272704370706400.glb",
    "data_out/20/402/30436272704370706402.glb",
    "data_out/20/404/30436272704370706404.glb",
    "data_out/20/406/30436272704370706406.glb",
    "data_out/20/440/30436272704370706440.glb"
  ],
  "camera_pos_blender": [
    1214.25,
    21074.56,
    3358.649609375
  ],
  "target_pos_blender": [
    1228.971402458013,
    21077.43755272223,
    3356.849609375
  ],
  "ground_height_blender": 3356.849609375,
  "matrix_world": [
    [
      0.19179794192314148,
      0.11693698167800903,
      -0.9744431376457214,
      1214.25
    ],
    [
      -0.9814344644546509,
      0.022852543741464615,
      -0.1904316544532776,
      21074.560546875
    ],
    [
      1.862645149230957e-09,
      0.9928763508796692,
      0.11914905905723572,
      3358.649658203125
    ],
    [
      0.0,
      0.0,
      0.0,
      1.0
    ]
  ],
  "camera_fov": 1.2870022058486938,
  "clip_start": 0.10000000149011612,
  "clip_end": 150.0,
  "resolution": [
    640,
    640
  ]
}