{
  "viewpoint_id": 12448,
  "glb_path": "data_out/19/463/3043627270437071463.glb",
  "glb_paths": [
    "data_out/19/463/3043627270437071463.glb",
    "data_out/20/401/30436272704370716401.glb",
    "data_out/20/410/30436272704370716410.glb",
    "data_out/20/411/30436272704370716411.glb",
    "data_out/20/412/30436272704370716412.glb",
    "data_out/20/414/30436272704370716414.glb",
    "data_out/20/415/30436272704370716415.glb",
    "data_out/20/416/30436272704370716416.glb",
    "data_out/20/417/30436272704370716417.glb",
    "data_out/20/431/30436272704370716431.glb",
    "data_out/20/435/30436272704370716435.glb",
    "data_out/20/500/30436272704370716500.glb",
    "data_out/20/501/30436272704370716501.glb",
    "data_out/20/502/30436272704370716502.glb",
    "data_out/20/503/30436272704370716503.glb",
    "data_out/20/504/30436272704370716504.glb",
    "data_out/20/506/30436272704370716506.glb",
    "data_out/20/507/30436272704370716507.glb",
    "data_out/20/520/30436272704370716520.glb",
    "data_out/20/524/30436272704370716524.glb"
  ],
  "camera_pos_blender": [
    1828.07,
    21069.46,
    3358.170849609375
  ],
  "target_pos_blender": [
    1813.0981380764108,
    21070.378341189855,
    3356.370849609375
  ],
  "ground_height_blender": 3356.370849609375,
  "matrix_world": [
    [
      0.06119825690984726,
      -0.11892572790384293,
      0.9910154342651367,
      1828.0699462890625
    ],
    [
      0.9981256723403931,
      0.007291714195162058,
      -0.060762304812669754,
      21069.4609375
    ],
    [
      0.0,
      0.9928763508796692,
      0.11914905905723572,
      3358.1708984375
    ],
    [
      0.0,
      0.0,
      0.0,
      1.0
    ]
  ],
  "camera_fov": 1.2870022058486938,
  "clip_start": 0.10000000149011612,
  "clip_end": 150.0,
  "resolution": [
    640,
    640
  ]
}