{
  "viewpoint_id": 12769,
  "glb_path": "data_out/20/531/30436272704370606531.glb",
  "glb_paths": [
    "data_out/20/531/30436272704370606531.glb",
    "data_out/20/532/30436272704370606532.glb",
    "data_out/20/533/30436272704370606533.glb",
    "data_out/20/535/30436272704370606535.glb",
    "data_out/20/536/30436272704370606536.glb",
    "data_out/20/537/30436272704370606537.glb",
    "data_out/20/573/30436272704370606573.glb",
    "data_out/20/711/30436272704370606711.glb",
    "data_out/20/715/30436272704370606715.glb",
    "data_out/20/751/30436272704370606751.glb",
    "data_out/20/402/30436272704370607402.glb",
    "data_out/20/403/30436272704370607403.glb",
    "data_out/20/406/30436272704370607406.glb",
    "data_out/20/407/30436272704370607407.glb",
    "data_out/20/412/30436272704370607412.glb",
    "data_out/20/416/30436272704370607416.glb",
    "data_out/20/420/30436272704370607420.glb",
    "data_out/20/421/30436272704370607421.glb",
    "data_out/20/422/30436272704370607422.glb",
    "data_out/20/423/30436272704370607423.glb",
    "data_out/20/424/30436272704370607424.glb",
    "data_out/20/425/30436272704370607425.glb",
    "data_out/20/426/30436272704370607426.glb",
    "data_out/20/427/30436272704370607427.glb",
    "data_out/20/430/30436272704370607430.glb",
    "data_out/20/431/30436272704370607431.glb",
    "data_out/20/432/30436272704370607432.glb",
    "data_out/20/433/30436272704370607433.glb",
    "data_out/20/434/30436272704370607434.glb",
    "data_out/20/435/30436272704370607435.glb",
    "data_out/20/436/30436272704370607436.glb",
    "data_out/20/437/30436272704370607437.glb",
    "data_out/20/462/30436272704370607462.glb",
    "data_out/20/600/30436272704370607600.glb",
    "data_out/20/601/30436272704370607601.glb",
    "data_out/20/604/30436272704370607604.glb",
    "data_out/20/605/30436272704370607605.glb",
    "data_out/20/610/30436272704370607610.glb",
    "data_out/20/611/30436272704370607611.glb",
    "data_out/20/614/30436272704370607614.glb",
    "data_out/20/615/30436272704370607615.glb",
    "data_out/20/640/30436272704370607640.glb"
  ],
  "camera_pos_blender": [
    652.47,
    21172.5,
    3358.24384765625
  ],
  "target_pos_blender": [
    637.6312976760399,
    21174.69383530396,
    3356.44384765625
  ],
  "ground_height_blender": 3356.44384765625,
  "matrix_world": [
    [
      0.14622482657432556,
      -0.11786840111017227,
      0.9822043180465698,
      652.469970703125
    ],
    [
      0.9892514944076538,
      0.017422553151845932,
      -0.14518316090106964,
      21172.5
    ],
    [
      0.0,
      0.9928763508796692,
      0.1191490888595581,
      3358.243896484375
    ],
    [
      0.0,
      0.0,
      0.0,
      1.0
    ]
  ],
  "camera_fov": 1.2870022058486938,
  "clip_start": 0.10000000149011612,
  "clip_end": 150.0,
  "resolution": [
    640,
    640
  ]
}