{
  "viewpoint_id": 12772,
  "glb_path": "data_out/20/501/30436272704370606501.glb",
  "glb_paths": [
    "data_out/20/501/30436272704370606501.glb",
    "data_out/20/503/30436272704370606503.glb",
    "data_out/20/505/30436272704370606505.glb",
    "data_out/20/507/30436272704370606507.glb",
    "data_out/20/511/30436272704370606511.glb",
    "data_out/20/512/30436272704370606512.glb",
    "data_out/20/513/30436272704370606513.glb",
    "data_out/20/515/30436272704370606515.glb",
    "data_out/20/516/30436272704370606516.glb",
    "data_out/20/517/30436272704370606517.glb",
    "data_out/20/521/30436272704370606521.glb",
    "data_out/20/525/30436272704370606525.glb",
    "data_out/20/530/30436272704370606530.glb",
    "data_out/20/531/30436272704370606531.glb",
    "data_out/20/532/30436272704370606532.glb",
    "data_out/20/533/30436272704370606533.glb",
    "data_out/20/534/30436272704370606534.glb",
    "data_out/20/535/30436272704370606535.glb",
    "data_out/20/536/30436272704370606536.glb",
    "data_out/20/537/30436272704370606537.glb",
    "data_out/20/573/30436272704370606573.glb",
    "data_out/20/400/30436272704370607400.glb",
    "data_out/20/401/30436272704370607401.glb",
    "data_out/20/402/30436272704370607402.glb",
    "data_out/20/403/30436272704370607403.glb",
    "data_out/20/404/30436272704370607404.glb",
    "data_out/20/405/30436272704370607405.glb",
    "data_out/20/406/30436272704370607406.glb",
    "data_out/20/407/30436272704370607407.glb",
    "data_out/20/412/30436272704370607412.glb",
    "data_out/20/416/30436272704370607416.glb",
    "data_out/20/420/30436272704370607420.glb",
    "data_out/20/421/30436272704370607421.glb",
    "data_out/20/422/30436272704370607422.glb",
    "data_out/20/424/30436272704370607424.glb",
    "data_out/20/425/30436272704370607425.glb",
    "data_out/20/426/30436272704370607426.glb",
    "data_out/20/430/30436272704370607430.glb",
    "data_out/20/434/30436272704370607434.glb",
    "data_out/20/462/30436272704370607462.glb"
  ],
  "camera_pos_blender": [
    611.34,
    21116.88,
    3358.48310546875
  ],
  "target_pos_blender": [
    626.1666153990062,
    21119.154087907264,
    3356.68310546875
  ],
  "ground_height_blender": 3356.68310546875,
  "matrix_world": [
    [
      0.15156365931034088,
      0.11777283996343613,
      -0.9814061522483826,
      611.3400268554688
    ],
    [
      -0.9884475469589233,
      0.01805870607495308,
      -0.15048396587371826,
      21116.880859375
    ],
    [
      1.862645149230957e-09,
      0.992876410484314,
      0.11914930492639542,
      3358.483154296875
    ],
    [
      0.0,
      0.0,
      0.0,
      1.0
    ]
  ],
  "camera_fov": 1.2870022058486938,
  "clip_start": 0.10000000149011612,
  "clip_end": 150.0,
  "resolution": [
    640,
    640
  ]
}