{
  "viewpoint_id": 12771,
  "glb_path": "data_out/19/746/3043627270437060746.glb",
  "glb_paths": [
    "data_out/19/746/3043627270437060746.glb",
    "data_out/20/501/30436272704370606501.glb",
    "data_out/20/502/30436272704370606502.glb",
    "data_out/20/503/30436272704370606503.glb",
    "data_out/20/505/30436272704370606505.glb",
    "data_out/20/506/30436272704370606506.glb",
    "data_out/20/507/30436272704370606507.glb",
    "data_out/20/511/30436272704370606511.glb",
    "data_out/20/512/30436272704370606512.glb",
    "data_out/20/513/30436272704370606513.glb",
    "data_out/20/515/30436272704370606515.glb",
    "data_out/20/516/30436272704370606516.glb",
    "data_out/20/517/30436272704370606517.glb",
    "data_out/20/520/30436272704370606520.glb",
    "data_out/20/521/30436272704370606521.glb",
    "data_out/20/524/30436272704370606524.glb",
    "data_out/20/525/30436272704370606525.glb",
    "data_out/20/530/30436272704370606530.glb",
    "data_out/20/531/30436272704370606531.glb",
    "data_out/20/532/30436272704370606532.glb",
    "data_out/20/533/30436272704370606533.glb",
    "data_out/20/534/30436272704370606534.glb",
    "data_out/20/535/30436272704370606535.glb",
    "data_out/20/536/30436272704370606536.glb",
    "data_out/20/537/30436272704370606537.glb",
    "data_out/20/573/30436272704370606573.glb",
    "data_out/20/400/30436272704370607400.glb",
    "data_out/20/402/30436272704370607402.glb",
    "data_out/20/403/30436272704370607403.glb",
    "data_out/20/404/30436272704370607404.glb",
    "data_out/20/406/30436272704370607406.glb",
    "data_out/20/407/30436272704370607407.glb",
    "data_out/20/420/30436272704370607420.glb",
    "data_out/20/421/30436272704370607421.glb",
    "data_out/20/424/30436272704370607424.glb",
    "data_out/20/425/30436272704370607425.glb"
  ],
  "camera_pos_blender": [
    591.57,
    21113.84,
    3358.444287109375
  ],
  "target_pos_blender": [
    606.3966153990062,
    21116.114087907263,
    3356.644287109375
  ],
  "ground_height_blender": 3356.644287109375,
  "matrix_world": [
    [
      0.15156365931034088,
      0.11777283996343613,
      -0.9814061522483826,
      591.5700073242188
    ],
    [
      -0.9884475469589233,
      0.01805870607495308,
      -0.15048396587371826,
      21113.83984375
    ],
    [
      1.862645149230957e-09,
      0.992876410484314,
      0.11914930492639542,
      3358.4443359375
    ],
    [
      0.0,
      0.0,
      0.0,
      1.0
    ]
  ],
  "camera_fov": 1.2870022058486938,
  "clip_start": 0.10000000149011612,
  "clip_end": 150.0,
  "resolution": [
    640,
    640
  ]
}