{
  "viewpoint_id": 13819,
  "glb_path": "data_out/20/531/30436272704361634531.glb",
  "glb_paths": [
    "data_out/20/531/30436272704361634531.glb",
    "data_out/20/532/30436272704361634532.glb",
    "data_out/20/533/30436272704361634533.glb",
    "data_out/20/535/30436272704361634535.glb",
    "data_out/20/536/30436272704361634536.glb",
    "data_out/20/537/30436272704361634537.glb",
    "data_out/20/710/30436272704361634710.glb",
    "data_out/20/711/30436272704361634711.glb",
    "data_out/20/713/30436272704361634713.glb",
    "data_out/20/714/30436272704361634714.glb",
    "data_out/20/715/30436272704361634715.glb",
    "data_out/20/717/30436272704361634717.glb",
    "data_out/20/420/30436272704361635420.glb",
    "data_out/20/421/30436272704361635421.glb",
    "data_out/20/422/30436272704361635422.glb",
    "data_out/20/423/30436272704361635423.glb",
    "data_out/20/424/30436272704361635424.glb",
    "data_out/20/425/30436272704361635425.glb",
    "data_out/20/426/30436272704361635426.glb",
    "data_out/20/427/30436272704361635427.glb",
    "data_out/20/430/30436272704361635430.glb",
    "data_out/20/432/30436272704361635432.glb",
    "data_out/20/433/30436272704361635433.glb",
    "data_out/20/434/30436272704361635434.glb",
    "data_out/20/436/30436272704361635436.glb",
    "data_out/20/437/30436272704361635437.glb",
    "data_out/20/600/30436272704361635600.glb",
    "data_out/20/601/30436272704361635601.glb",
    "data_out/20/602/30436272704361635602.glb",
    "data_out/20/603/30436272704361635603.glb",
    "data_out/20/604/30436272704361635604.glb",
    "data_out/20/605/30436272704361635605.glb",
    "data_out/20/606/30436272704361635606.glb",
    "data_out/20/607/30436272704361635607.glb",
    "data_out/20/610/30436272704361635610.glb",
    "data_out/20/611/30436272704361635611.glb",
    "data_out/20/612/30436272704361635612.glb",
    "data_out/20/614/30436272704361635614.glb",
    "data_out/20/615/30436272704361635615.glb",
    "data_out/20/616/30436272704361635616.glb"
  ],
  "camera_pos_blender": [
    -661.39,
    21512.29,
    3358.59638671875
  ],
  "target_pos_blender": [
    -651.104630167388,
    21501.371613333173,
    3356.79638671875
  ],
  "ground_height_blender": 3356.79638671875,
  "matrix_world": [
    [
      -0.7278783917427063,
      0.0817023515701294,
      -0.6808214783668518,
      -661.3900146484375
    ],
    [
      -0.6857063174247742,
      -0.08672717213630676,
      0.7226930856704712,
      21512.2890625
    ],
    [
      3.725290298461914e-09,
      0.9928762316703796,
      0.11915063112974167,
      3358.596435546875
    ],
    [
      0.0,
      0.0,
      0.0,
      1.0
    ]
  ],
  "camera_fov": 1.2870022058486938,
  "clip_start": 0.10000000149011612,
  "clip_end": 150.0,
  "resolution": [
    640,
    640
  ]
}