{
  "viewpoint_id": 13820,
  "glb_path": "data_out/20/531/30436272704361634531.glb",
  "glb_paths": [
    "data_out/20/531/30436272704361634531.glb",
    "data_out/20/533/30436272704361634533.glb",
    "data_out/20/535/30436272704361634535.glb",
    "data_out/20/537/30436272704361634537.glb",
    "data_out/20/711/30436272704361634711.glb",
    "data_out/20/715/30436272704361634715.glb",
    "data_out/20/420/30436272704361635420.glb",
    "data_out/20/421/30436272704361635421.glb",
    "data_out/20/422/30436272704361635422.glb",
    "data_out/20/423/30436272704361635423.glb",
    "data_out/20/424/30436272704361635424.glb",
    "data_out/20/425/30436272704361635425.glb",
    "data_out/20/426/30436272704361635426.glb",
    "data_out/20/427/30436272704361635427.glb",
    "data_out/20/430/30436272704361635430.glb",
    "data_out/20/431/30436272704361635431.glb",
    "data_out/20/432/30436272704361635432.glb",
    "data_out/20/433/30436272704361635433.glb",
    "data_out/20/434/30436272704361635434.glb",
    "data_out/20/435/30436272704361635435.glb",
    "data_out/20/436/30436272704361635436.glb",
    "data_out/20/437/30436272704361635437.glb",
    "data_out/20/522/30436272704361635522.glb",
    "data_out/20/526/30436272704361635526.glb",
    "data_out/20/600/30436272704361635600.glb",
    "data_out/20/601/30436272704361635601.glb",
    "data_out/20/602/30436272704361635602.glb",
    "data_out/20/603/30436272704361635603.glb",
    "data_out/20/604/30436272704361635604.glb",
    "data_out/20/605/30436272704361635605.glb",
    "data_out/20/606/30436272704361635606.glb",
    "data_out/20/607/30436272704361635607.glb",
    "data_out/20/610/30436272704361635610.glb",
    "data_out/20/611/30436272704361635611.glb",
    "data_out/20/612/30436272704361635612.glb",
    "data_out/20/614/30436272704361635614.glb",
    "data_out/20/615/30436272704361635615.glb",
    "data_out/20/616/30436272704361635616.glb"
  ],
  "camera_pos_blender": [
    -647.73,
    21497.690000000002,
    3359.739208984375
  ],
  "target_pos_blender": [
    -637.480893394788,
    21486.73756585069,
    3357.939208984375
  ],
  "ground_height_blender": 3357.939208984375,
  "matrix_world": [
    [
      -0.73012375831604,
      0.0814209133386612,
      -0.6784467101097107,
      -647.72998046875
    ],
    [
      -0.6833149790763855,
      -0.08699844032526016,
      0.7249220013618469,
      21497.689453125
    ],
    [
      7.450580596923828e-09,
      0.9928756356239319,
      0.11915574222803116,
      3359.7392578125
    ],
    [
      0.0,
      0.0,
      0.0,
      1.0
    ]
  ],
  "camera_fov": 1.2870022058486938,
  "clip_start": 0.10000000149011612,
  "clip_end": 150.0,
  "resolution": [
    640,
    640
  ]
}