{
  "created_at": 1784549399.7080295,
  "modified_at": 1784549399.7080734,
  "title": "Media Test Task"
}