{
  "created_at": 1784557175.695772,
  "modified_at": 1784557175.6958997,
  "title": "D smoke test"
}