{
  "created_at": 1784466845.9580321,
  "modified_at": 1784466847.476706,
  "title": "SplitCheck2"
}